dataset,mode,TW,dyn_stw,speculative,csr_compress,Chip Area,Chip ADC Area,Chip IC Area,Chip Accum Area,Chip Other Area,Chip Popcnt Area,Chip Array Area,Pipelined Clock Latency,Total Read Latency,Total Buffer Latency,Total IC Latency,Total Core Latency ADC,Total Core Latency Accum,Total Core Latency Other,Total Array Read Latency,Total Array Latency ADC,Total Array Latency Accum,Total Array Latency Other,Total Read Latency Buffer,Total Read Latency IC,Total Read Dynamic Energy,Total Buffer Dynamic Energy,Total IC Dynamic Energy,Total Core Energy ADC,Total Core Energy Accum,Total Core Energy Other,Total Core Energy Popcnt,Total Leakage Energy,Total Array Read Dynamic Energy,Total Array Energy ADC,Total Array Energy Accum,Total Array Energy Other,Total Array Energy Popcnt,Total Read Dynamic Energy Buffer,Total Read Dynamic Energy IC,Energy Efficiency TOPS/W,Throughput TOPS,Throughput FPS,Compute Efficiency TOPS/mm\^2
CIFAR10DVS,PTB,16,False,False,False,3.67e+07,1.53e+06,3.45e+06,5.71e+06,8.24e+06,0.00e+00,1.51e+07,6.10e+07,1.15e+08,5.66e+07,1.98e+04,8.85e+04,5.60e+07,2.83e+06,5.60e+07,8.85e+04,5.59e+07,0.00e+00,5.67e+07,3.97e+04,1.43e+09,4.35e+06,1.49e+07,3.52e+06,1.39e+09,8.87e+06,0.00e+00,2.15e+09,1.40e+09,3.52e+06,1.39e+09,0.00e+00,0.00e+00,9.20e+06,3.78e+07,38.3851792939677,2.734553195124783,16.38101226102304,0.07443043224674194
IMAGENET,ComPASS,0,True,False,False,1.46e+08,7.02e+06,5.61e+06,2.63e+07,2.40e+07,7.67e+05,6.93e+07,2.15e+07,1.94e+08,1.80e+08,4.71e+04,6.61e+04,1.23e+07,1.21e+06,1.20e+07,6.61e+04,1.19e+07,0.00e+00,1.81e+08,9.42e+04,2.48e+09,1.60e+07,1.74e+07,6.83e+06,2.44e+09,4.79e+06,2.31e+07,1.80e+09,2.44e+09,6.83e+06,2.43e+09,0.00e+00,2.31e+07,2.16e+07,4.39e+07,84.48074616833091,20.475376332061483,46.60899994424024,0.14053508903286246
DVS128GestureSimplify,ComPASS,0,True,True,False,3.69e+07,1.53e+06,3.46e+06,5.71e+06,8.24e+06,1.67e+05,1.51e+07,5.22e+07,6.31e+07,5.66e+07,1.98e+04,8.85e+04,3.54e+06,2.83e+06,3.55e+06,8.85e+04,3.47e+06,0.00e+00,5.67e+07,3.97e+04,3.72e+08,4.35e+06,1.50e+07,3.52e+06,3.40e+08,8.87e+06,9.33e+06,1.84e+09,3.42e+08,3.52e+06,3.38e+08,0.00e+00,9.33e+06,9.20e+06,3.78e+07,62.25440649351995,3.1997225527865023,19.16754163370424,0.08667407360496861
IMAGENET,ComPASS,48,False,False,False,1.46e+08,7.02e+06,5.61e+06,2.63e+07,2.40e+07,7.67e+05,6.93e+07,2.12e+07,1.89e+08,1.80e+08,4.71e+04,6.61e+04,7.59e+06,1.21e+06,7.21e+06,6.61e+04,7.15e+06,0.00e+00,1.81e+08,9.42e+04,1.57e+09,1.60e+07,1.74e+07,6.83e+06,1.51e+09,4.79e+06,2.31e+07,1.77e+09,1.53e+09,6.83e+06,1.50e+09,0.00e+00,2.31e+07,2.16e+07,4.39e+07,108.06432380592291,20.745099634772526,47.22298296448558,0.14238636579310346
IMAGENET,ComPASS,8,False,False,False,1.46e+08,7.02e+06,5.61e+06,2.63e+07,2.40e+07,7.67e+05,6.93e+07,2.14e+07,1.90e+08,1.80e+08,4.71e+04,6.61e+04,8.77e+06,1.21e+06,8.39e+06,6.61e+04,8.32e+06,0.00e+00,1.81e+08,9.42e+04,1.88e+09,1.60e+07,1.74e+07,6.83e+06,1.81e+09,4.79e+06,2.31e+07,1.79e+09,1.83e+09,6.83e+06,1.81e+09,0.00e+00,2.31e+07,2.16e+07,4.39e+07,98.68256225535823,20.558193525718046,46.797520365644,0.1411035143206435
IMAGENET,PTB,24,False,False,False,1.45e+08,7.02e+06,5.60e+06,2.63e+07,2.40e+07,0.00e+00,6.93e+07,3.15e+07,2.56e+08,1.80e+08,4.71e+04,6.61e+04,7.42e+07,1.21e+06,7.38e+07,6.61e+04,7.37e+07,0.00e+00,1.81e+08,9.42e+04,2.46e+09,1.60e+07,1.73e+07,6.83e+06,2.41e+09,4.79e+06,0.00e+00,2.64e+09,2.42e+09,6.83e+06,2.41e+09,0.00e+00,0.00e+00,2.16e+07,4.38e+07,70.8697218082417,13.946469794827703,31.746962758951483,0.09624085491662744
CIFAR10DVS,PTB,32,False,False,False,3.67e+07,1.53e+06,3.45e+06,5.71e+06,8.24e+06,0.00e+00,1.51e+07,7.05e+07,1.71e+08,5.66e+07,1.98e+04,8.85e+04,1.11e+08,2.83e+06,1.11e+08,8.85e+04,1.11e+08,0.00e+00,5.67e+07,3.97e+04,1.43e+09,4.35e+06,1.49e+07,3.52e+06,1.39e+09,8.87e+06,0.00e+00,2.49e+09,1.40e+09,3.52e+06,1.39e+09,0.00e+00,0.00e+00,9.20e+06,3.78e+07,35.08881037955465,2.3666133777029414,14.176913005886508,0.06441566285029386
IMAGENET,ComPASS,1,False,False,False,1.46e+08,7.02e+06,5.61e+06,2.63e+07,2.40e+07,7.67e+05,6.93e+07,2.15e+07,1.94e+08,1.80e+08,4.71e+04,6.61e+04,1.23e+07,1.21e+06,1.20e+07,6.61e+04,1.19e+07,0.00e+00,1.81e+08,9.42e+04,2.46e+09,1.60e+07,1.74e+07,6.83e+06,2.41e+09,4.79e+06,0.00e+00,1.80e+09,2.42e+09,6.83e+06,2.41e+09,0.00e+00,0.00e+00,2.16e+07,4.39e+07,84.94115550575957,20.475376332061483,46.60899994424024,0.14053508903286246
IMAGENET,ComPASS,0,True,True,True,1.46e+08,7.02e+06,5.61e+06,2.63e+07,2.40e+07,7.67e+05,6.93e+07,1.91e+07,1.06e+08,9.82e+07,1.30e+04,6.61e+04,6.48e+06,1.21e+06,6.10e+06,6.61e+04,6.04e+06,0.00e+00,9.83e+07,2.59e+04,1.39e+09,8.51e+06,4.00e+06,6.83e+06,1.39e+09,4.79e+06,2.31e+07,1.60e+09,1.40e+09,6.83e+06,1.39e+09,0.00e+00,2.31e+07,9.81e+06,1.01e+07,120.36703664889369,22.97856515942555,52.30711879797502,0.15771601206033473
DVS128GestureSimplify,ComPASS,1,False,False,False,3.69e+07,1.53e+06,3.46e+06,5.71e+06,8.24e+06,1.67e+05,1.51e+07,5.26e+07,7.05e+07,5.66e+07,1.98e+04,8.85e+04,1.10e+07,2.83e+06,1.10e+07,8.85e+04,1.09e+07,0.00e+00,5.67e+07,3.97e+04,9.91e+08,4.35e+06,1.50e+07,3.52e+06,9.60e+08,8.87e+06,0.00e+00,1.85e+09,9.61e+08,3.52e+06,9.58e+08,0.00e+00,0.00e+00,9.20e+06,3.78e+07,48.33092517225545,3.176063789044713,19.025816739891866,0.086033205093362
IMAGENET,ComPASS,16,False,False,False,1.46e+08,7.02e+06,5.61e+06,2.63e+07,2.40e+07,7.67e+05,6.93e+07,2.13e+07,1.90e+08,1.80e+08,4.71e+04,6.61e+04,8.21e+06,1.21e+06,7.83e+06,6.61e+04,7.76e+06,0.00e+00,1.81e+08,9.42e+04,1.74e+09,1.60e+07,1.74e+07,6.83e+06,1.67e+09,4.79e+06,2.31e+07,1.78e+09,1.70e+09,6.83e+06,1.67e+09,0.00e+00,2.31e+07,2.16e+07,4.39e+07,102.78569837118623,20.630910427180847,46.96304904757196,0.14160261509688987
IMAGENET,PTB,48,False,False,False,1.45e+08,7.02e+06,5.60e+06,2.63e+07,2.40e+07,0.00e+00,6.93e+07,4.28e+07,3.29e+08,1.80e+08,4.71e+04,6.61e+04,1.47e+08,1.21e+06,1.47e+08,6.61e+04,1.47e+08,0.00e+00,1.81e+08,9.42e+04,2.46e+09,1.60e+07,1.73e+07,6.83e+06,2.41e+09,4.79e+06,0.00e+00,3.58e+09,2.42e+09,6.83e+06,2.41e+09,0.00e+00,0.00e+00,2.16e+07,4.38e+07,59.77605616911614,10.275759436756609,23.391163280591794,0.0709102652972315
CIFAR10DVS,ComPASS,16,False,False,False,3.69e+07,1.53e+06,3.46e+06,5.71e+06,8.24e+06,1.67e+05,1.51e+07,5.36e+07,6.73e+07,5.66e+07,1.98e+04,8.85e+04,7.74e+06,2.83e+06,7.76e+06,8.85e+04,7.67e+06,0.00e+00,5.67e+07,3.97e+04,9.10e+08,4.35e+06,1.50e+07,3.52e+06,8.69e+08,8.87e+06,9.33e+06,1.89e+09,8.80e+08,3.52e+06,8.67e+08,0.00e+00,9.33e+06,9.20e+06,3.78e+07,49.086047137918115,3.1121110014101188,18.642726922500977,0.08430085219987235
IMAGENET,PTB,1,False,False,False,1.45e+08,7.02e+06,5.60e+06,2.63e+07,2.40e+07,0.00e+00,6.93e+07,2.07e+07,1.85e+08,1.80e+08,4.71e+04,6.61e+04,3.63e+06,1.21e+06,3.25e+06,6.61e+04,3.18e+06,0.00e+00,1.81e+08,9.42e+04,2.46e+09,1.60e+07,1.73e+07,6.83e+06,2.41e+09,4.79e+06,0.00e+00,1.73e+09,2.42e+09,6.83e+06,2.41e+09,0.00e+00,0.00e+00,2.16e+07,4.38e+07,86.30312048221109,21.266669588824016,48.41025559699088,0.1467555942520256
DVS128GestureSimplify,ComPASS,48,False,False,False,3.69e+07,1.53e+06,3.46e+06,5.71e+06,8.24e+06,1.67e+05,1.51e+07,5.22e+07,6.36e+07,5.66e+07,1.98e+04,8.85e+04,4.04e+06,2.83e+06,4.06e+06,8.85e+04,3.97e+06,0.00e+00,5.67e+07,3.97e+04,4.13e+08,4.35e+06,1.50e+07,3.52e+06,3.72e+08,8.87e+06,9.33e+06,1.84e+09,3.83e+08,3.52e+06,3.70e+08,0.00e+00,9.33e+06,9.20e+06,3.78e+07,61.066005860519844,3.1976995394234358,19.155423022723937,0.08661927422588446
DVS128GestureSimplify,PTB,16,False,False,False,3.67e+07,1.53e+06,3.45e+06,5.71e+06,8.24e+06,0.00e+00,1.51e+07,6.07e+07,1.20e+08,5.66e+07,1.98e+04,8.85e+04,6.00e+07,2.83e+06,6.01e+07,8.85e+04,6.00e+07,0.00e+00,5.67e+07,3.97e+04,9.91e+08,4.35e+06,1.49e+07,3.52e+06,9.60e+08,8.87e+06,0.00e+00,2.14e+09,9.61e+08,3.52e+06,9.58e+08,0.00e+00,0.00e+00,9.20e+06,3.78e+07,43.8743957411993,2.749725633974221,16.471890828336257,0.07484340325195561
IMAGENET,PTB,100,False,False,False,1.45e+08,7.02e+06,5.60e+06,2.63e+07,2.40e+07,0.00e+00,6.93e+07,6.90e+07,5.00e+08,1.80e+08,4.71e+04,6.61e+04,3.18e+08,1.21e+06,3.18e+08,6.61e+04,3.18e+08,0.00e+00,1.81e+08,9.42e+04,2.46e+09,1.60e+07,1.73e+07,6.83e+06,2.41e+09,4.79e+06,0.00e+00,5.78e+09,2.42e+09,6.83e+06,2.41e+09,0.00e+00,0.00e+00,2.16e+07,4.38e+07,43.77796542670039,6.364880799622025,14.48865818256785,0.04392233867134107
CIFAR10DVS,ComPASS,0,True,True,False,3.69e+07,1.53e+06,3.46e+06,5.71e+06,8.24e+06,1.67e+05,1.51e+07,5.36e+07,6.59e+07,5.66e+07,1.98e+04,8.85e+04,6.37e+06,2.83e+06,6.39e+06,8.85e+04,6.30e+06,0.00e+00,5.67e+07,3.97e+04,7.69e+08,4.35e+06,1.50e+07,3.52e+06,7.37e+08,8.87e+06,9.33e+06,1.89e+09,7.39e+08,3.52e+06,7.35e+08,0.00e+00,9.33e+06,9.20e+06,3.78e+07,51.70718058261682,3.1127407665978537,18.646499455169288,0.08431791127713142
CIFAR10DVS,ComPASS,24,False,False,False,3.69e+07,1.53e+06,3.46e+06,5.71e+06,8.24e+06,1.67e+05,1.51e+07,5.37e+07,6.73e+07,5.66e+07,1.98e+04,8.85e+04,7.79e+06,2.83e+06,7.81e+06,8.85e+04,7.72e+06,0.00e+00,5.67e+07,3.97e+04,8.98e+08,4.35e+06,1.50e+07,3.52e+06,8.57e+08,8.87e+06,9.33e+06,1.89e+09,8.68e+08,3.52e+06,8.55e+08,0.00e+00,9.33e+06,9.20e+06,3.78e+07,49.26647515391301,3.1091939541869995,18.625252701698436,0.08422183523463403
DVS128GestureSimplify,PTB,24,False,False,False,3.67e+07,1.53e+06,3.45e+06,5.71e+06,8.24e+06,0.00e+00,1.51e+07,6.53e+07,1.49e+08,5.66e+07,1.98e+04,8.85e+04,8.97e+07,2.83e+06,8.97e+07,8.85e+04,8.96e+07,0.00e+00,5.67e+07,3.97e+04,9.91e+08,4.35e+06,1.49e+07,3.52e+06,9.60e+08,8.87e+06,0.00e+00,2.30e+09,9.61e+08,3.52e+06,9.58e+08,0.00e+00,0.00e+00,9.20e+06,3.78e+07,41.71342114947212,2.556893336101755,15.316752832207637,0.06959479762696055
IMAGENET,ComPASS,0,True,False,True,1.46e+08,7.02e+06,5.61e+06,2.63e+07,2.40e+07,7.67e+05,6.93e+07,1.94e+07,1.11e+08,9.82e+07,1.30e+04,6.61e+04,1.23e+07,1.21e+06,1.20e+07,6.61e+04,1.19e+07,0.00e+00,9.83e+07,2.59e+04,2.44e+09,8.51e+06,4.00e+06,6.83e+06,2.44e+09,4.79e+06,2.31e+07,1.62e+09,2.44e+09,6.83e+06,2.43e+09,0.00e+00,2.31e+07,9.81e+06,1.01e+07,88.81262275710017,22.69265203291349,51.656282169551666,0.15575361459137493
IMAGENET,ComPASS,100,False,False,False,1.46e+08,7.02e+06,5.61e+06,2.63e+07,2.40e+07,7.67e+05,6.93e+07,2.12e+07,1.89e+08,1.80e+08,4.71e+04,6.61e+04,7.53e+06,1.21e+06,7.15e+06,6.61e+04,7.08e+06,0.00e+00,1.81e+08,9.42e+04,1.54e+09,1.60e+07,1.74e+07,6.83e+06,1.47e+09,4.79e+06,2.31e+07,1.77e+09,1.50e+09,6.83e+06,1.47e+09,0.00e+00,2.31e+07,2.16e+07,4.39e+07,109.40693465698432,20.765271631057583,47.268901367081845,0.14252481859845934
DVS128GestureSimplify,ComPASS,8,False,False,False,3.69e+07,1.53e+06,3.46e+06,5.71e+06,8.24e+06,1.67e+05,1.51e+07,5.24e+07,6.53e+07,5.66e+07,1.98e+04,8.85e+04,5.80e+06,2.83e+06,5.82e+06,8.85e+04,5.73e+06,0.00e+00,5.67e+07,3.97e+04,5.81e+08,4.35e+06,1.50e+07,3.52e+06,5.40e+08,8.87e+06,9.33e+06,1.85e+09,5.51e+08,3.52e+06,5.38e+08,0.00e+00,9.33e+06,9.20e+06,3.78e+07,56.684567330257785,3.18817544246604,19.09837009955866,0.0863612855199614
DVS128GestureSimplify,ComPASS,100,False,False,False,3.69e+07,1.53e+06,3.46e+06,5.71e+06,8.24e+06,1.67e+05,1.51e+07,5.22e+07,6.35e+07,5.66e+07,1.98e+04,8.85e+04,3.97e+06,2.83e+06,3.99e+06,8.85e+04,3.90e+06,0.00e+00,5.67e+07,3.97e+04,4.08e+08,4.35e+06,1.50e+07,3.52e+06,3.67e+08,8.87e+06,9.33e+06,1.84e+09,3.78e+08,3.52e+06,3.65e+08,0.00e+00,9.33e+06,9.20e+06,3.78e+07,61.240779830594214,3.1994715436368586,19.16603799448338,0.08666727426997851
CIFAR10DVS,ComPASS,48,False,False,False,3.69e+07,1.53e+06,3.46e+06,5.71e+06,8.24e+06,1.67e+05,1.51e+07,5.37e+07,6.72e+07,5.66e+07,1.98e+04,8.85e+04,7.69e+06,2.83e+06,7.71e+06,8.85e+04,7.62e+06,0.00e+00,5.67e+07,3.97e+04,8.74e+08,4.35e+06,1.50e+07,3.52e+06,8.33e+08,8.87e+06,9.33e+06,1.90e+09,8.43e+08,3.52e+06,8.30e+08,0.00e+00,9.33e+06,9.20e+06,3.78e+07,49.67495092361989,3.1066993033158616,18.61030879547641,0.08415426014033862
IMAGENET,ComPASS,64,False,False,False,1.46e+08,7.02e+06,5.61e+06,2.63e+07,2.40e+07,7.67e+05,6.93e+07,2.12e+07,1.89e+08,1.80e+08,4.71e+04,6.61e+04,7.58e+06,1.21e+06,7.20e+06,6.61e+04,7.14e+06,0.00e+00,1.81e+08,9.42e+04,1.57e+09,1.60e+07,1.74e+07,6.83e+06,1.50e+09,4.79e+06,2.31e+07,1.77e+09,1.53e+09,6.83e+06,1.50e+09,0.00e+00,2.31e+07,2.16e+07,4.39e+07,108.26939941126098,20.744408424809535,47.22140953283755,0.14238162159440773
CIFAR10DVS,PTB,48,False,False,False,3.67e+07,1.53e+06,3.45e+06,5.71e+06,8.24e+06,0.00e+00,1.51e+07,1.00e+08,2.26e+08,5.66e+07,1.98e+04,8.85e+04,1.67e+08,2.83e+06,1.67e+08,8.85e+04,1.67e+08,0.00e+00,5.67e+07,3.97e+04,1.43e+09,4.35e+06,1.49e+07,3.52e+06,1.39e+09,8.87e+06,0.00e+00,3.55e+09,1.40e+09,3.52e+06,1.39e+09,0.00e+00,0.00e+00,9.20e+06,3.78e+07,27.60561902659572,1.6611022102045638,9.950633149387963,0.0452127081425828
CIFAR10DVS,ComPASS,100,False,False,False,3.69e+07,1.53e+06,3.46e+06,5.71e+06,8.24e+06,1.67e+05,1.51e+07,5.38e+07,6.73e+07,5.66e+07,1.98e+04,8.85e+04,7.82e+06,2.83e+06,7.83e+06,8.85e+04,7.75e+06,0.00e+00,5.67e+07,3.97e+04,8.71e+08,4.35e+06,1.50e+07,3.52e+06,8.30e+08,8.87e+06,9.33e+06,1.90e+09,8.41e+08,3.52e+06,8.28e+08,0.00e+00,9.33e+06,9.20e+06,3.78e+07,49.657951377565055,3.101133923280204,18.57697005525227,0.0840035051449
DVS128GestureSimplify,ComPASS,0,True,True,True,3.69e+07,1.53e+06,3.46e+06,5.71e+06,8.24e+06,1.67e+05,1.51e+07,1.18e+07,1.73e+07,1.10e+07,8.16e+03,8.85e+04,3.43e+06,2.83e+06,3.45e+06,8.85e+04,3.36e+06,0.00e+00,1.11e+07,1.63e+04,3.49e+08,1.61e+06,6.42e+06,3.52e+06,3.44e+08,8.87e+06,9.33e+06,4.15e+08,3.46e+08,3.52e+06,3.42e+08,0.00e+00,9.33e+06,3.69e+06,1.62e+07,180.5348982507703,14.180329139344572,84.94550532867783,0.38411670739886195
CIFAR10DVS,ComPASS,0,True,False,False,3.69e+07,1.53e+06,3.46e+06,5.71e+06,8.24e+06,1.67e+05,1.51e+07,5.46e+07,7.31e+07,5.66e+07,1.98e+04,8.85e+04,1.35e+07,2.83e+06,1.36e+07,8.85e+04,1.35e+07,0.00e+00,5.67e+07,3.97e+04,1.44e+09,4.35e+06,1.50e+07,3.52e+06,1.40e+09,8.87e+06,9.33e+06,1.93e+09,1.40e+09,3.52e+06,1.40e+09,0.00e+00,9.33e+06,9.20e+06,3.78e+07,40.87016905564797,3.055220802420531,18.301933022846026,0.08275981068352878
CIFAR10DVS,ComPASS,1,False,False,False,3.69e+07,1.53e+06,3.46e+06,5.71e+06,8.24e+06,1.67e+05,1.51e+07,5.46e+07,7.31e+07,5.66e+07,1.98e+04,8.85e+04,1.35e+07,2.83e+06,1.36e+07,8.85e+04,1.35e+07,0.00e+00,5.67e+07,3.97e+04,1.43e+09,4.35e+06,1.50e+07,3.52e+06,1.39e+09,8.87e+06,0.00e+00,1.93e+09,1.40e+09,3.52e+06,1.39e+09,0.00e+00,0.00e+00,9.20e+06,3.78e+07,40.98443581334604,3.055220802420531,18.301933022846026,0.08275981068352878
CIFAR10DVS,PTB,1,False,False,False,3.67e+07,1.53e+06,3.45e+06,5.71e+06,8.24e+06,0.00e+00,1.51e+07,5.21e+07,6.32e+07,5.66e+07,1.98e+04,8.85e+04,3.67e+06,2.83e+06,3.69e+06,8.85e+04,3.60e+06,0.00e+00,5.67e+07,3.97e+04,1.43e+09,4.35e+06,1.49e+07,3.52e+06,1.39e+09,8.87e+06,0.00e+00,1.84e+09,1.40e+09,3.52e+06,1.39e+09,0.00e+00,0.00e+00,9.20e+06,3.78e+07,42.12617869769917,3.2056802984535704,19.20324255074208,0.08725380463768091
IMAGENET,PTB,8,False,False,False,1.45e+08,7.02e+06,5.60e+06,2.63e+07,2.40e+07,0.00e+00,6.93e+07,2.40e+07,2.07e+08,1.80e+08,4.71e+04,6.61e+04,2.54e+07,1.21e+06,2.50e+07,6.61e+04,2.49e+07,0.00e+00,1.81e+08,9.42e+04,2.46e+09,1.60e+07,1.73e+07,6.83e+06,2.41e+09,4.79e+06,0.00e+00,2.01e+09,2.42e+09,6.83e+06,2.41e+09,0.00e+00,0.00e+00,2.16e+07,4.38e+07,80.87609585513904,18.305982827658152,41.67071406924798,0.12632468741848282
CIFAR10DVS,ComPASS,64,False,False,False,3.69e+07,1.53e+06,3.46e+06,5.71e+06,8.24e+06,1.67e+05,1.51e+07,5.37e+07,6.71e+07,5.66e+07,1.98e+04,8.85e+04,7.61e+06,2.83e+06,7.63e+06,8.85e+04,7.54e+06,0.00e+00,5.67e+07,3.97e+04,8.66e+08,4.35e+06,1.50e+07,3.52e+06,8.25e+08,8.87e+06,9.33e+06,1.90e+09,8.36e+08,3.52e+06,8.23e+08,0.00e+00,9.33e+06,9.20e+06,3.78e+07,49.80873253108687,3.1063125593928347,18.607992052486633,0.08414378402226971
CIFAR10DVS,ComPASS,0,True,False,True,3.69e+07,1.53e+06,3.46e+06,5.71e+06,8.24e+06,1.67e+05,1.51e+07,3.09e+07,4.51e+07,2.87e+07,6.98e+03,8.85e+04,1.35e+07,2.83e+06,1.36e+07,8.85e+04,1.35e+07,0.00e+00,2.88e+07,1.40e+04,1.40e+09,1.67e+06,5.15e+06,3.52e+06,1.40e+09,8.87e+06,9.33e+06,1.09e+09,1.40e+09,3.52e+06,1.40e+09,0.00e+00,9.33e+06,3.34e+06,1.30e+07,54.97883435005905,5.405840467316227,32.383037614377365,0.14643338815512225
CIFAR10DVS,PTB,24,False,False,False,3.67e+07,1.53e+06,3.45e+06,5.71e+06,8.24e+06,0.00e+00,1.51e+07,6.58e+07,1.43e+08,5.66e+07,1.98e+04,8.85e+04,8.36e+07,2.83e+06,8.36e+07,8.85e+04,8.35e+07,0.00e+00,5.67e+07,3.97e+04,1.43e+09,4.35e+06,1.49e+07,3.52e+06,1.39e+09,8.87e+06,0.00e+00,2.32e+09,1.40e+09,3.52e+06,1.39e+09,0.00e+00,0.00e+00,9.20e+06,3.78e+07,36.66304997499315,2.5373138011587115,15.199473376837052,0.069061872083
IMAGENET,ComPASS,32,False,False,False,1.46e+08,7.02e+06,5.61e+06,2.63e+07,2.40e+07,7.67e+05,6.93e+07,2.12e+07,1.89e+08,1.80e+08,4.71e+04,6.61e+04,7.75e+06,1.21e+06,7.37e+06,6.61e+04,7.31e+06,0.00e+00,1.81e+08,9.42e+04,1.62e+09,1.60e+07,1.74e+07,6.83e+06,1.55e+09,4.79e+06,2.31e+07,1.78e+09,1.58e+09,6.83e+06,1.55e+09,0.00e+00,2.31e+07,2.16e+07,4.39e+07,106.54566044824469,20.703605196817094,47.12852734984945,0.14210156396881152
CIFAR10DVS,ComPASS,32,False,False,False,3.69e+07,1.53e+06,3.46e+06,5.71e+06,8.24e+06,1.67e+05,1.51e+07,5.37e+07,6.71e+07,5.66e+07,1.98e+04,8.85e+04,7.61e+06,2.83e+06,7.63e+06,8.85e+04,7.54e+06,0.00e+00,5.67e+07,3.97e+04,8.78e+08,4.35e+06,1.50e+07,3.52e+06,8.37e+08,8.87e+06,9.33e+06,1.89e+09,8.48e+08,3.52e+06,8.35e+08,0.00e+00,9.33e+06,9.20e+06,3.78e+07,49.6158827646924,3.10901305762177,18.62416906256562,0.0842169351090916
DVS128GestureSimplify,Strawman,0,False,False,False,3.67e+07,1.53e+06,3.45e+06,5.71e+06,8.24e+06,0.00e+00,1.51e+07,5.31e+07,7.59e+07,5.66e+07,1.98e+04,5.47e+06,1.10e+07,2.83e+06,1.64e+07,5.47e+06,1.09e+07,0.00e+00,5.67e+07,3.97e+04,1.11e+09,4.35e+06,1.49e+07,1.18e+08,9.60e+08,8.87e+06,0.00e+00,1.87e+09,1.08e+09,1.18e+08,9.58e+08,0.00e+00,0.00e+00,9.20e+06,3.78e+07,46.16572081512097,3.145065301529911,18.840124139918036,0.08560395543024686
CIFAR10DVS,PTB,100,False,False,False,3.67e+07,1.53e+06,3.45e+06,5.71e+06,8.24e+06,0.00e+00,1.51e+07,2.12e+08,4.20e+08,5.66e+07,1.98e+04,8.85e+04,3.60e+08,2.83e+06,3.60e+08,8.85e+04,3.60e+08,0.00e+00,5.67e+07,3.97e+04,1.43e+09,4.35e+06,1.49e+07,3.52e+06,1.39e+09,8.87e+06,0.00e+00,7.47e+09,1.40e+09,3.52e+06,1.39e+09,0.00e+00,0.00e+00,9.20e+06,3.78e+07,15.411668304860648,0.788749370528347,4.7249083077023375,0.02146857361832801
DVS128GestureSimplify,PTB,64,False,False,False,3.67e+07,1.53e+06,3.45e+06,5.71e+06,8.24e+06,0.00e+00,1.51e+07,1.28e+08,2.63e+08,5.66e+07,1.98e+04,8.85e+04,2.04e+08,2.83e+06,2.04e+08,8.85e+04,2.04e+08,0.00e+00,5.67e+07,3.97e+04,9.91e+08,4.35e+06,1.49e+07,3.52e+06,9.60e+08,8.87e+06,0.00e+00,4.51e+09,9.61e+08,3.52e+06,9.58e+08,0.00e+00,0.00e+00,9.20e+06,3.78e+07,24.928435161788492,1.3054103948855276,7.81989928197008,0.035531310973925374
DVS128GestureSimplify,ComPASS,0,True,False,True,3.69e+07,1.53e+06,3.46e+06,5.71e+06,8.24e+06,1.67e+05,1.51e+07,1.23e+07,2.49e+07,1.10e+07,8.16e+03,8.85e+04,1.10e+07,2.83e+06,1.10e+07,8.85e+04,1.09e+07,0.00e+00,1.11e+07,1.63e+04,9.74e+08,1.61e+06,6.42e+06,3.52e+06,9.69e+08,8.87e+06,9.33e+06,4.34e+08,9.70e+08,3.52e+06,9.67e+08,0.00e+00,9.33e+06,3.69e+06,1.62e+07,97.67957645675298,13.584364596129271,81.37545354892498,0.3679732218833411
DVS128GestureSimplify,ComPASS,64,False,False,False,3.69e+07,1.53e+06,3.46e+06,5.71e+06,8.24e+06,1.67e+05,1.51e+07,5.22e+07,6.35e+07,5.66e+07,1.98e+04,8.85e+04,3.94e+06,2.83e+06,3.95e+06,8.85e+04,3.87e+06,0.00e+00,5.67e+07,3.97e+04,4.08e+08,4.35e+06,1.50e+07,3.52e+06,3.67e+08,8.87e+06,9.33e+06,1.84e+09,3.78e+08,3.52e+06,3.65e+08,0.00e+00,9.33e+06,9.20e+06,3.78e+07,61.22654770610236,3.1984138132561615,19.159701791648672,0.08663862247303103
DVS128GestureSimplify,ComPASS,0,True,False,False,3.69e+07,1.53e+06,3.46e+06,5.71e+06,8.24e+06,1.67e+05,1.51e+07,5.26e+07,7.05e+07,5.66e+07,1.98e+04,8.85e+04,1.10e+07,2.83e+06,1.10e+07,8.85e+04,1.09e+07,0.00e+00,5.67e+07,3.97e+04,1.00e+09,4.35e+06,1.50e+07,3.52e+06,9.69e+08,8.87e+06,9.33e+06,1.85e+09,9.70e+08,3.52e+06,9.67e+08,0.00e+00,9.33e+06,9.20e+06,3.78e+07,48.17210160533732,3.176063789044713,19.025816739891866,0.086033205093362
CIFAR10DVS,Strawman,0,False,False,False,3.67e+07,1.53e+06,3.45e+06,5.71e+06,8.24e+06,0.00e+00,1.51e+07,5.62e+07,7.97e+07,5.66e+07,1.98e+04,6.74e+06,1.35e+07,2.83e+06,2.02e+07,6.74e+06,1.35e+07,0.00e+00,5.67e+07,3.97e+04,1.59e+09,4.35e+06,1.49e+07,1.72e+08,1.39e+09,8.87e+06,0.00e+00,1.98e+09,1.56e+09,1.72e+08,1.39e+09,0.00e+00,0.00e+00,9.20e+06,3.78e+07,38.418497472638016,2.9705455548904194,17.794696129276424,0.08085378995490436
DVS128GestureSimplify,PTB,100,False,False,False,3.67e+07,1.53e+06,3.45e+06,5.71e+06,8.24e+06,0.00e+00,1.51e+07,2.39e+08,4.48e+08,5.66e+07,1.98e+04,8.85e+04,3.88e+08,2.83e+06,3.88e+08,8.85e+04,3.88e+08,0.00e+00,5.67e+07,3.97e+04,9.91e+08,4.35e+06,1.49e+07,3.52e+06,9.60e+08,8.87e+06,0.00e+00,8.44e+09,9.61e+08,3.52e+06,9.58e+08,0.00e+00,0.00e+00,9.20e+06,3.78e+07,14.528393953599146,0.6978072000910823,4.180127601499845,0.01899326428180819
IMAGENET,PTB,32,False,False,False,1.45e+08,7.02e+06,5.60e+06,2.63e+07,2.40e+07,0.00e+00,6.93e+07,3.52e+07,2.80e+08,1.80e+08,4.71e+04,6.61e+04,9.86e+07,1.21e+06,9.82e+07,6.61e+04,9.82e+07,0.00e+00,1.81e+08,9.42e+04,2.46e+09,1.60e+07,1.73e+07,6.83e+06,2.41e+09,4.79e+06,0.00e+00,2.95e+09,2.42e+09,6.83e+06,2.41e+09,0.00e+00,0.00e+00,2.16e+07,4.38e+07,66.7409673447503,12.462515132236598,28.36897147496905,0.08600048100937176
CIFAR10DVS,PTB,8,False,False,False,3.67e+07,1.53e+06,3.45e+06,5.71e+06,8.24e+06,0.00e+00,1.51e+07,5.63e+07,8.78e+07,5.66e+07,1.98e+04,8.85e+04,2.83e+07,2.83e+06,2.83e+07,8.85e+04,2.82e+07,0.00e+00,5.67e+07,3.97e+04,1.43e+09,4.35e+06,1.49e+07,3.52e+06,1.39e+09,8.87e+06,0.00e+00,1.99e+09,1.40e+09,3.52e+06,1.39e+09,0.00e+00,0.00e+00,9.20e+06,3.78e+07,40.277065410163964,2.9650422827010483,17.761729438640984,0.08070399914865616
IMAGENET,ComPASS,24,False,False,False,1.46e+08,7.02e+06,5.61e+06,2.63e+07,2.40e+07,7.67e+05,6.93e+07,2.12e+07,1.90e+08,1.80e+08,4.71e+04,6.61e+04,7.93e+06,1.21e+06,7.55e+06,6.61e+04,7.49e+06,0.00e+00,1.81e+08,9.42e+04,1.66e+09,1.60e+07,1.74e+07,6.83e+06,1.60e+09,4.79e+06,2.31e+07,1.78e+09,1.62e+09,6.83e+06,1.59e+09,0.00e+00,2.31e+07,2.16e+07,4.39e+07,105.14197705330595,20.703223096446273,47.12765755796512,0.1420989413791818
DVS128GestureSimplify,PTB,32,False,False,False,3.67e+07,1.53e+06,3.45e+06,5.71e+06,8.24e+06,0.00e+00,1.51e+07,7.70e+07,1.79e+08,5.66e+07,1.98e+04,8.85e+04,1.19e+08,2.83e+06,1.19e+08,8.85e+04,1.19e+08,0.00e+00,5.67e+07,3.97e+04,9.91e+08,4.35e+06,1.49e+07,3.52e+06,9.60e+08,8.87e+06,0.00e+00,2.72e+09,9.61e+08,3.52e+06,9.58e+08,0.00e+00,0.00e+00,9.20e+06,3.78e+07,37.055601393930885,2.1687514614266505,12.991637007355843,0.059030158563937875
DVS128GestureSimplify,PTB,8,False,False,False,3.67e+07,1.53e+06,3.45e+06,5.71e+06,8.24e+06,0.00e+00,1.51e+07,5.61e+07,8.99e+07,5.66e+07,1.98e+04,8.85e+04,3.04e+07,2.83e+06,3.04e+07,8.85e+04,3.03e+07,0.00e+00,5.67e+07,3.97e+04,9.91e+08,4.35e+06,1.49e+07,3.52e+06,9.60e+08,8.87e+06,0.00e+00,1.98e+09,9.61e+08,3.52e+06,9.58e+08,0.00e+00,0.00e+00,9.20e+06,3.78e+07,46.271502941273354,2.974015914108116,17.815473970805193,0.08094824792232848
IMAGENET,ComPASS,0,True,True,False,1.46e+08,7.02e+06,5.61e+06,2.63e+07,2.40e+07,7.67e+05,6.93e+07,2.10e+07,1.88e+08,1.80e+08,4.71e+04,6.61e+04,6.47e+06,1.21e+06,6.09e+06,6.61e+04,6.02e+06,0.00e+00,1.81e+08,9.42e+04,1.41e+09,1.60e+07,1.74e+07,6.83e+06,1.37e+09,4.79e+06,2.31e+07,1.76e+09,1.37e+09,6.83e+06,1.37e+09,0.00e+00,2.31e+07,2.16e+07,4.39e+07,114.05401487064039,20.90274353584445,47.581834711926525,0.14346837275177118
CIFAR10DVS,PTB,64,False,False,False,3.67e+07,1.53e+06,3.45e+06,5.71e+06,8.24e+06,0.00e+00,1.51e+07,1.16e+08,2.53e+08,5.66e+07,1.98e+04,8.85e+04,1.94e+08,2.83e+06,1.94e+08,8.85e+04,1.93e+08,0.00e+00,5.67e+07,3.97e+04,1.43e+09,4.35e+06,1.49e+07,3.52e+06,1.39e+09,8.87e+06,0.00e+00,4.08e+09,1.40e+09,3.52e+06,1.39e+09,0.00e+00,0.00e+00,9.20e+06,3.78e+07,24.91261649862992,1.4430514499299179,8.64442627656047,0.03927769383461209
DVS128GestureSimplify,ComPASS,24,False,False,False,3.69e+07,1.53e+06,3.46e+06,5.71e+06,8.24e+06,1.67e+05,1.51e+07,5.23e+07,6.39e+07,5.66e+07,1.98e+04,8.85e+04,4.43e+06,2.83e+06,4.45e+06,8.85e+04,4.36e+06,0.00e+00,5.67e+07,3.97e+04,4.47e+08,4.35e+06,1.50e+07,3.52e+06,4.06e+08,8.87e+06,9.33e+06,1.84e+09,4.17e+08,3.52e+06,4.04e+08,0.00e+00,9.33e+06,9.20e+06,3.78e+07,60.11180979087419,3.194503332379327,19.136276540309535,0.08653269538036656
IMAGENET,Strawman,0,False,False,False,1.45e+08,7.02e+06,5.60e+06,2.63e+07,2.40e+07,0.00e+00,6.93e+07,2.21e+07,2.00e+08,1.80e+08,4.71e+04,5.95e+06,1.23e+07,1.21e+06,1.79e+07,5.95e+06,1.19e+07,0.00e+00,1.81e+08,9.42e+04,2.75e+09,1.60e+07,1.73e+07,2.97e+08,2.41e+09,4.79e+06,0.00e+00,1.85e+09,2.71e+09,2.97e+08,2.41e+09,0.00e+00,0.00e+00,2.16e+07,4.38e+07,78.5706399919871,19.88502890028999,45.26516611338484,0.13722126169272614
CIFAR10DVS,ComPASS,8,False,False,False,3.69e+07,1.53e+06,3.46e+06,5.71e+06,8.24e+06,1.67e+05,1.51e+07,5.36e+07,6.77e+07,5.66e+07,1.98e+04,8.85e+04,8.14e+06,2.83e+06,8.16e+06,8.85e+04,8.07e+06,0.00e+00,5.67e+07,3.97e+04,9.62e+08,4.35e+06,1.50e+07,3.52e+06,9.21e+08,8.87e+06,9.33e+06,1.89e+09,9.32e+08,3.52e+06,9.19e+08,0.00e+00,9.33e+06,9.20e+06,3.78e+07,48.18641008334247,3.1119849618905033,18.641971897906874,0.08429743804179457
DVS128GestureSimplify,ComPASS,16,False,False,False,3.69e+07,1.53e+06,3.46e+06,5.71e+06,8.24e+06,1.67e+05,1.51e+07,5.23e+07,6.43e+07,5.66e+07,1.98e+04,8.85e+04,4.78e+06,2.83e+06,4.80e+06,8.85e+04,4.71e+06,0.00e+00,5.67e+07,3.97e+04,4.88e+08,4.35e+06,1.50e+07,3.52e+06,4.47e+08,8.87e+06,9.33e+06,1.85e+09,4.57e+08,3.52e+06,4.45e+08,0.00e+00,9.33e+06,9.20e+06,3.78e+07,59.03654381967543,3.1926375994920835,19.125100098538834,0.08648215641427548
IMAGENET,PTB,64,False,False,False,1.45e+08,7.02e+06,5.60e+06,2.63e+07,2.40e+07,0.00e+00,6.93e+07,4.65e+07,3.53e+08,1.80e+08,4.71e+04,6.61e+04,1.72e+08,1.21e+06,1.71e+08,6.61e+04,1.71e+08,0.00e+00,1.81e+08,9.42e+04,2.46e+09,1.60e+07,1.73e+07,6.83e+06,2.41e+09,4.79e+06,0.00e+00,3.90e+09,2.42e+09,6.83e+06,2.41e+09,0.00e+00,0.00e+00,2.16e+07,4.38e+07,56.78708257658256,9.440292170630974,21.4893523869239,0.06514492932836799
IMAGENET,PTB,16,False,False,False,1.45e+08,7.02e+06,5.60e+06,2.63e+07,2.40e+07,0.00e+00,6.93e+07,2.77e+07,2.31e+08,1.80e+08,4.71e+04,6.61e+04,4.98e+07,1.21e+06,4.94e+07,6.61e+04,4.93e+07,0.00e+00,1.81e+08,9.42e+04,2.46e+09,1.60e+07,1.73e+07,6.83e+06,2.41e+09,4.79e+06,0.00e+00,2.33e+09,2.42e+09,6.83e+06,2.41e+09,0.00e+00,0.00e+00,2.16e+07,4.38e+07,75.54299027739937,15.83159206891296,36.03814952606081,0.10924957912779858
CIFAR10DVS,ComPASS,0,True,True,True,3.69e+07,1.53e+06,3.46e+06,5.71e+06,8.24e+06,1.67e+05,1.51e+07,2.94e+07,3.72e+07,2.87e+07,6.98e+03,8.85e+04,5.66e+06,2.83e+06,5.68e+06,8.85e+04,5.59e+06,0.00e+00,2.88e+07,1.40e+04,7.39e+08,1.67e+06,5.15e+06,3.52e+06,7.38e+08,8.87e+06,9.33e+06,1.04e+09,7.40e+08,3.52e+06,7.36e+08,0.00e+00,9.33e+06,3.34e+06,1.30e+07,77.30392081887769,5.684894830688529,34.05467923979656,0.15399241179911144
DVS128GestureSimplify,PTB,48,False,False,False,3.67e+07,1.53e+06,3.45e+06,5.71e+06,8.24e+06,0.00e+00,1.51e+07,1.13e+08,2.38e+08,5.66e+07,1.98e+04,8.85e+04,1.79e+08,2.83e+06,1.79e+08,8.85e+04,1.78e+08,0.00e+00,5.67e+07,3.97e+04,9.91e+08,4.35e+06,1.49e+07,3.52e+06,9.60e+08,8.87e+06,0.00e+00,3.98e+09,9.61e+08,3.52e+06,9.58e+08,0.00e+00,0.00e+00,9.20e+06,3.78e+07,27.616275000164883,1.4807074862680247,8.869994795537398,0.040302634606048215
DVS128GestureSimplify,ComPASS,32,False,False,False,3.69e+07,1.53e+06,3.46e+06,5.71e+06,8.24e+06,1.67e+05,1.51e+07,5.22e+07,6.37e+07,5.66e+07,1.98e+04,8.85e+04,4.18e+06,2.83e+06,4.20e+06,8.85e+04,4.11e+06,0.00e+00,5.67e+07,3.97e+04,4.30e+08,4.35e+06,1.50e+07,3.52e+06,3.89e+08,8.87e+06,9.33e+06,1.84e+09,4.00e+08,3.52e+06,3.87e+08,0.00e+00,9.33e+06,9.20e+06,3.78e+07,60.58959004992016,3.196306704332155,19.147079416626664,0.08658154511367874
DVS128GestureSimplify,PTB,1,False,False,False,3.67e+07,1.53e+06,3.45e+06,5.71e+06,8.24e+06,0.00e+00,1.51e+07,5.21e+07,6.35e+07,5.66e+07,1.98e+04,8.85e+04,3.95e+06,2.83e+06,3.97e+06,8.85e+04,3.88e+06,0.00e+00,5.67e+07,3.97e+04,9.91e+08,4.35e+06,1.49e+07,3.52e+06,9.60e+08,8.87e+06,0.00e+00,1.84e+09,9.61e+08,3.52e+06,9.58e+08,0.00e+00,0.00e+00,9.20e+06,3.78e+07,48.63841775072308,3.207011960036217,19.2112079249651,0.08729005046657153
